                  epoch,         train/box_loss,         train/cls_loss,         train/dfl_loss,   metrics/precision(B),      metrics/recall(B),       metrics/mAP50(B),    metrics/mAP50-95(B),           val/box_loss,           val/cls_loss,           val/dfl_loss,                 lr/pg0,                 lr/pg1,                 lr/pg2
                      1,                0.82288,                0.47033,                  1.011,                0.91792,                0.87658,                0.90163,                 0.5558,                 1.5026,                0.68361,                 1.7727,             0.00032576,             0.00032576,             0.00032576
                      2,                0.84789,                0.49305,                 1.0196,                0.92997,                0.87028,                0.90147,                0.56063,                  1.465,                 0.7529,                 1.6989,             0.00065583,             0.00065583,             0.00065583
                      3,                 0.8891,                0.51954,                 1.0271,                0.95011,                0.82383,                0.88307,                0.54321,                 1.3965,                0.73187,                 1.6646,              0.0009826,              0.0009826,              0.0009826
                      4,                0.89365,                 0.5322,                 1.0436,                0.89329,                0.84541,                0.88901,                0.56527,                 1.3577,                0.70885,                  1.596,             0.00098515,             0.00098515,             0.00098515
                      5,                  0.923,                0.54754,                 1.0535,                0.95596,                0.79289,                0.85447,                0.50304,                 1.6111,                0.83478,                 1.8876,              0.0009802,              0.0009802,              0.0009802
                      6,                0.91369,                0.54546,                 1.0516,                0.89326,                0.84393,                0.86892,                0.54049,                 1.4584,                0.77339,                 1.6903,             0.00097525,             0.00097525,             0.00097525
                      7,                0.90106,                0.54621,                 1.0425,                0.85074,                0.86494,                0.86516,                0.53811,                 1.5445,                0.83068,                 1.7504,              0.0009703,              0.0009703,              0.0009703
                      8,                0.92891,                0.55885,                 1.0628,                0.88102,                0.86495,                0.86697,                0.53499,                 1.5851,                0.81262,                 1.8314,             0.00096535,             0.00096535,             0.00096535
                      9,                0.91344,                 0.5459,                  1.064,                0.92784,                0.87892,                0.89322,                 0.5603,                 1.3544,                0.73393,                 1.5844,              0.0009604,              0.0009604,              0.0009604
                     10,                0.89498,                0.53387,                 1.0458,                0.79095,                0.83025,                 0.8385,                0.49471,                 1.7005,                 1.0771,                  2.002,             0.00095545,             0.00095545,             0.00095545
                     11,                0.91957,                 0.5538,                 1.0557,                0.89557,                0.84128,                0.86485,                0.52644,                 1.4685,                0.90356,                 1.7631,              0.0009505,              0.0009505,              0.0009505
                     12,                0.92452,                0.56367,                 1.0862,                0.90201,                0.85587,                0.89269,                0.55043,                 1.5368,                0.82707,                 1.7959,             0.00094555,             0.00094555,             0.00094555
                     13,                0.90621,                0.54595,                 1.0561,                0.88288,                0.87632,                0.87719,                0.55108,                 1.4483,                0.80558,                 1.7152,              0.0009406,              0.0009406,              0.0009406
                     14,                0.90685,                0.54104,                 1.0426,                0.89808,                0.88131,                0.88851,                0.56027,                 1.4596,                0.77431,                 1.7164,             0.00093565,             0.00093565,             0.00093565
                     15,                0.89797,                0.52338,                 1.0466,                0.91092,                0.84237,                0.88211,                0.54539,                 1.5412,                0.89449,                 1.9084,              0.0009307,              0.0009307,              0.0009307
                     16,                0.92048,                0.55829,                  1.066,                0.91435,                0.86822,                0.87261,                0.53079,                 1.5091,                0.83349,                 1.8235,             0.00092575,             0.00092575,             0.00092575
                     17,                 0.9004,                0.53959,                  1.051,                0.86605,                0.83822,                0.85355,                0.52375,                 1.5103,                0.92552,                 1.7053,              0.0009208,              0.0009208,              0.0009208
                     18,                 0.9168,                0.53733,                 1.0542,                0.90188,                0.84958,                0.86699,                0.52378,                 1.7776,                0.89041,                  2.106,             0.00091585,             0.00091585,             0.00091585
                     19,                0.91369,                0.53889,                 1.0417,                0.91145,                0.86939,                0.88645,                0.56096,                 1.2592,                0.67466,                 1.5193,              0.0009109,              0.0009109,              0.0009109
                     20,                0.90328,                0.53331,                  1.051,                0.90506,                0.83645,                0.87683,                 0.5422,                 1.4308,                0.80176,                  1.674,             0.00090595,             0.00090595,             0.00090595
                     21,                0.91651,                0.54692,                 1.0661,                0.92375,                0.86676,                0.90335,                0.54472,                 1.4643,                0.76277,                 1.6908,               0.000901,               0.000901,               0.000901
                     22,                  0.916,                0.54636,                 1.0652,                0.91425,                0.86403,                0.89229,                0.55652,                 1.4524,                0.73951,                 1.7074,             0.00089605,             0.00089605,             0.00089605
                     23,                0.91373,                0.54217,                 1.0553,                0.93525,                0.84567,                0.87711,                0.55627,                 1.4443,                0.76414,                 1.7345,              0.0008911,              0.0008911,              0.0008911
                     24,                 0.9038,                0.53869,                 1.0542,                0.91906,                0.85674,                0.88579,                0.54298,                 1.3814,                0.66913,                 1.5974,             0.00088615,             0.00088615,             0.00088615
                     25,                0.88819,                 0.5284,                 1.0382,                0.93251,                0.82768,                0.88083,                0.53342,                 1.4525,                0.74447,                 1.6515,              0.0008812,              0.0008812,              0.0008812
                     26,                0.90745,                0.53443,                 1.0386,                0.93325,                 0.8494,                0.89841,                0.57553,                 1.3953,                0.64843,                 1.6666,             0.00087625,             0.00087625,             0.00087625
                     27,                0.89242,                0.52567,                 1.0323,                0.91856,                0.83591,                0.88371,                0.56837,                  1.294,                0.72405,                  1.549,              0.0008713,              0.0008713,              0.0008713
                     28,                 0.9022,                0.53785,                 1.0524,                0.92771,                0.81316,                0.85469,                0.53827,                 1.4973,                  0.867,                 1.7584,             0.00086635,             0.00086635,             0.00086635
                     29,                0.89848,                0.52108,                 1.0363,                0.87662,                0.89405,                0.89464,                0.55898,                 1.4038,                0.64557,                 1.6634,              0.0008614,              0.0008614,              0.0008614
                     30,                0.88825,                0.52791,                 1.0399,                0.85673,                0.87277,                0.87757,                0.55377,                 1.3642,                0.75927,                 1.6487,             0.00085645,             0.00085645,             0.00085645
                     31,                0.90165,                0.53033,                 1.0577,                0.93949,                0.87032,                  0.897,                0.55491,                 1.4403,                0.73059,                 1.6484,              0.0008515,              0.0008515,              0.0008515
                     32,                0.91721,                0.53859,                  1.053,                0.90876,                 0.8784,                0.88879,                0.56248,                 1.3862,                0.82587,                 1.6741,             0.00084655,             0.00084655,             0.00084655
                     33,                0.90068,                0.53603,                 1.0427,                0.91168,                0.85286,                0.89195,                0.54589,                 1.4673,                0.84076,                 1.7289,              0.0008416,              0.0008416,              0.0008416
                     34,                0.88661,                0.50932,                 1.0392,                0.88101,                0.87998,                0.88746,                0.54734,                 1.4594,                0.72068,                 1.6902,             0.00083665,             0.00083665,             0.00083665
                     35,                0.88937,                0.51766,                 1.0438,                0.89738,                0.84689,                0.86377,                0.52204,                 1.5745,                0.76023,                 1.8399,              0.0008317,              0.0008317,              0.0008317
                     36,                 0.9115,                0.52839,                 1.0505,                0.88496,                0.86753,                0.88964,                0.56284,                 1.4448,                0.77086,                 1.6904,             0.00082675,             0.00082675,             0.00082675
                     37,                0.89991,                0.51596,                 1.0534,                0.91013,                0.85666,                0.88008,                0.54409,                 1.6038,                0.78777,                 1.8033,              0.0008218,              0.0008218,              0.0008218
                     38,                0.87755,                 0.5123,                 1.0391,                0.86863,                0.86451,                0.87305,                0.52883,                 1.4543,                0.79014,                 1.6774,             0.00081685,             0.00081685,             0.00081685
                     39,                 0.8886,                0.52226,                 1.0399,                0.91861,                 0.8507,                0.87963,                0.53733,                 1.5762,                0.69798,                 1.8613,              0.0008119,              0.0008119,              0.0008119
                     40,                 0.8898,                0.51525,                   1.03,                0.92451,                0.87241,                0.90153,                0.55576,                 1.3831,                0.66954,                 1.6526,             0.00080695,             0.00080695,             0.00080695
                     41,                0.88905,                0.52925,                  1.048,                0.92108,                0.86217,                0.89094,                0.54856,                 1.5702,                0.79553,                 1.7583,               0.000802,               0.000802,               0.000802
                     42,                0.88157,                0.51385,                 1.0433,                0.90199,                0.85256,                0.86817,                0.51994,                 1.6141,                0.81287,                  1.907,             0.00079705,             0.00079705,             0.00079705
                     43,                 0.8919,                0.52115,                 1.0536,                0.91049,                0.88101,                0.88496,                0.57408,                 1.4116,                0.70585,                 1.6463,              0.0007921,              0.0007921,              0.0007921
                     44,                0.87516,                0.50359,                 1.0302,                0.85748,                0.84758,                0.85621,                0.50818,                 1.6303,                0.85046,                 1.8713,             0.00078715,             0.00078715,             0.00078715
                     45,                0.89927,                0.51933,                 1.0387,                0.93791,                0.86557,                0.90094,                0.56899,                 1.4249,                0.72896,                 1.6326,              0.0007822,              0.0007822,              0.0007822
                     46,                0.86858,                0.50401,                 1.0291,                0.91133,                 0.8563,                0.87618,                0.56251,                 1.3861,                 0.6781,                 1.6215,             0.00077725,             0.00077725,             0.00077725
                     47,                0.86064,                0.51256,                 1.0405,                0.94526,                0.86153,                0.88672,                0.56667,                 1.3646,                0.69463,                 1.6092,              0.0007723,              0.0007723,              0.0007723
                     48,                0.86579,                0.50621,                 1.0311,                0.91177,                0.84499,                0.88511,                0.53866,                 1.6247,                0.83887,                 1.8682,             0.00076735,             0.00076735,             0.00076735
                     49,                0.88618,                0.52321,                 1.0469,                0.89735,                0.83751,                0.87022,                0.55498,                   1.39,                0.67801,                 1.6867,              0.0007624,              0.0007624,              0.0007624
                     50,                0.86331,                0.50069,                  1.021,                0.93462,                  0.889,                0.90525,                0.56882,                 1.4208,                0.68144,                 1.7222,             0.00075745,             0.00075745,             0.00075745
                     51,                0.85025,                0.48869,                  1.029,                0.92302,                0.87592,                0.89218,                0.54878,                 1.3852,                0.66068,                 1.6742,              0.0007525,              0.0007525,              0.0007525
                     52,                0.84997,                0.48503,                 1.0243,                0.92124,                0.85928,                0.89738,                  0.562,                 1.4169,                0.72544,                 1.6258,             0.00074755,             0.00074755,             0.00074755
                     53,                0.86648,                0.50671,                 1.0368,                0.91554,                0.88246,                0.89553,                0.55577,                 1.4189,                0.69949,                 1.7081,              0.0007426,              0.0007426,              0.0007426
                     54,                0.88233,                0.50885,                  1.028,                 0.9256,                0.87094,                0.89773,                0.55947,                 1.4198,                 0.6931,                 1.6356,             0.00073765,             0.00073765,             0.00073765
                     55,                0.87692,                0.50031,                 1.0343,                0.91529,                0.87214,                0.89345,                0.56456,                 1.3383,                0.74489,                 1.6668,              0.0007327,              0.0007327,              0.0007327
                     56,                0.85153,                0.48958,                 1.0206,                0.92144,                0.85697,                0.88702,                 0.5517,                 1.5415,                0.73543,                 1.8115,             0.00072775,             0.00072775,             0.00072775
                     57,                0.86513,                 0.4943,                 1.0374,                0.91024,                0.86208,                0.89244,                0.56427,                 1.3666,                0.63419,                 1.6405,              0.0007228,              0.0007228,              0.0007228
                     58,                0.85605,                0.49362,                  1.021,                 0.8812,                0.88485,                0.89215,                0.55845,                 1.4238,                0.67571,                 1.7904,             0.00071785,             0.00071785,             0.00071785
                     59,                0.85553,                  0.494,                  1.018,                0.91187,                0.87783,                 0.8899,                0.55132,                 1.4662,                0.70053,                 1.6906,              0.0007129,              0.0007129,              0.0007129
                     60,                0.83824,                0.48616,                 1.0138,                0.91428,                0.88555,                0.89234,                0.57815,                 1.3586,                 0.6396,                 1.6099,             0.00070795,             0.00070795,             0.00070795
                     61,                0.84341,                 0.4975,                 1.0192,                 0.9385,                0.86906,                0.89193,                0.56854,                 1.3354,                0.65258,                 1.6354,               0.000703,               0.000703,               0.000703
                     62,                0.85364,                0.48238,                 1.0219,                0.92416,                0.87993,                0.90648,                0.56727,                 1.4714,                0.67555,                 1.7644,             0.00069805,             0.00069805,             0.00069805
                     63,                0.85889,                0.49569,                 1.0255,                0.91314,                0.87993,                0.89228,                0.55887,                 1.4327,                0.68403,                 1.7802,              0.0006931,              0.0006931,              0.0006931
                     64,                0.85416,                0.49546,                 1.0239,                0.93637,                0.87284,                0.90285,                0.56518,                 1.4417,                0.74245,                 1.7118,             0.00068815,             0.00068815,             0.00068815
                     65,                0.84832,                0.48708,                 1.0146,                0.91093,                 0.8815,                0.90015,                0.55807,                 1.5362,                0.70622,                 1.7833,              0.0006832,              0.0006832,              0.0006832
                     66,                0.85497,                0.47993,                  1.023,                0.90775,                0.87776,                0.89175,                0.56104,                 1.4365,                0.66179,                 1.7519,             0.00067825,             0.00067825,             0.00067825
                     67,                0.87098,                0.50115,                 1.0203,                0.90313,                0.84656,                0.87333,                0.53578,                 1.6086,                0.75009,                  1.923,              0.0006733,              0.0006733,              0.0006733
                     68,                0.83856,                 0.4759,                 1.0059,                0.94152,                0.84942,                0.89136,                0.56631,                 1.3511,                0.68119,                 1.5934,             0.00066835,             0.00066835,             0.00066835
                     69,                 0.8335,                0.47905,                 1.0196,                0.92297,                0.87581,                0.89466,                0.56499,                 1.3202,                0.65686,                 1.6222,              0.0006634,              0.0006634,              0.0006634
                     70,                0.83603,                0.47672,                 1.0125,                0.93536,                0.87006,                0.89928,                0.55259,                 1.5094,                0.75476,                 1.8075,             0.00065845,             0.00065845,             0.00065845
                     71,                0.84798,                0.48934,                 1.0133,                0.91733,                0.85244,                0.89137,                0.55127,                 1.4481,                0.73705,                 1.7203,              0.0006535,              0.0006535,              0.0006535
                     72,                0.83497,                0.47575,                 1.0113,                0.91641,                0.85767,                0.88443,                0.56184,                 1.4525,                0.72722,                 1.7152,             0.00064855,             0.00064855,             0.00064855
                     73,                0.84037,                0.47715,                 1.0166,                0.92669,                0.87696,                0.90298,                0.56985,                 1.4058,                0.76271,                 1.6408,              0.0006436,              0.0006436,              0.0006436
                     74,                0.84574,                 0.4835,                 1.0268,                0.93225,                0.85883,                0.88886,                0.56251,                 1.5014,                0.77961,                 1.7621,             0.00063865,             0.00063865,             0.00063865
                     75,                0.81773,                0.48035,                 1.0072,                0.94801,                 0.8715,                0.90242,                0.55434,                 1.5058,                0.76046,                 1.7886,              0.0006337,              0.0006337,              0.0006337
                     76,                 0.8598,                0.49204,                 1.0151,                0.93604,                 0.8887,                0.90716,                0.56586,                 1.4042,                0.70211,                 1.6272,             0.00062875,             0.00062875,             0.00062875
                     77,                0.85213,                0.48251,                 1.0219,                0.93566,                 0.8808,                 0.8998,                0.57099,                 1.4662,                0.66643,                 1.7589,              0.0006238,              0.0006238,              0.0006238
                     78,                0.83464,                0.47526,                 1.0116,                0.87864,                0.87588,                0.88247,                0.56436,                  1.447,                0.76916,                 1.7452,             0.00061885,             0.00061885,             0.00061885
                     79,                 0.8243,                0.47576,                 1.0069,                0.91585,                0.88241,                0.89392,                 0.5476,                  1.542,                0.75745,                 1.7724,              0.0006139,              0.0006139,              0.0006139
                     80,                0.84118,                0.48374,                 1.0193,                0.92382,                 0.8803,                0.89521,                0.55566,                 1.5213,                0.77896,                 1.8313,             0.00060895,             0.00060895,             0.00060895
                     81,                0.84037,                0.47329,                 1.0159,                 0.9396,                0.88575,                0.90242,                0.56303,                 1.4797,                0.69103,                 1.7435,               0.000604,               0.000604,               0.000604
                     82,                0.82737,                0.46917,                  1.008,                0.91941,                0.87709,                0.89083,                0.55295,                 1.4791,                0.70897,                 1.7705,             0.00059905,             0.00059905,             0.00059905
                     83,                0.82966,                0.46746,                 1.0126,                0.93339,                 0.8953,                0.90622,                 0.5546,                 1.5898,                0.65816,                 1.8504,              0.0005941,              0.0005941,              0.0005941
                     84,                0.81078,                0.45702,                 1.0048,                0.93392,                0.86399,                   0.89,                0.55164,                 1.5175,                0.64846,                 1.8034,             0.00058915,             0.00058915,             0.00058915
                     85,                0.85065,                0.48679,                 1.0257,                0.89303,                0.84405,                0.88007,                0.53779,                 1.4902,                0.69363,                 1.7507,              0.0005842,              0.0005842,              0.0005842
                     86,                0.81901,                0.45759,                 1.0011,                0.93468,                0.84889,                 0.8803,                0.55632,                 1.4932,                 0.7194,                 1.7604,             0.00057925,             0.00057925,             0.00057925
                     87,                0.81832,                0.46177,                 1.0089,                0.92092,                0.86081,                0.89312,                0.53519,                 1.5844,                0.72978,                 1.8613,              0.0005743,              0.0005743,              0.0005743
                     88,                0.81777,                0.46281,                 1.0083,                0.92143,                0.85716,                0.88757,                0.55731,                 1.4608,                0.73416,                 1.8248,             0.00056935,             0.00056935,             0.00056935
                     89,                0.83084,                0.47483,                 1.0212,                0.92735,                0.86126,                0.88944,                0.55275,                 1.4981,                0.69926,                 1.8253,              0.0005644,              0.0005644,              0.0005644
                     90,                0.81606,                0.46341,                 1.0103,                 0.9317,                0.88516,                0.90253,                0.56115,                  1.426,                0.64527,                 1.7769,             0.00055945,             0.00055945,             0.00055945
                     91,                 0.8354,                0.47242,                 1.0192,                0.90263,                0.87698,                0.88171,                0.56371,                 1.4014,                0.69851,                 1.8004,              0.0005545,              0.0005545,              0.0005545
                     92,                0.81703,                0.45825,                 1.0055,                0.93029,                0.84971,                0.89568,                0.56406,                 1.4688,                0.68481,                 1.8639,             0.00054955,             0.00054955,             0.00054955
                     93,                0.82137,                0.46619,                 1.0067,                0.91476,                0.86226,                0.90178,                0.55635,                 1.4179,                0.67156,                 1.7262,              0.0005446,              0.0005446,              0.0005446
                     94,                0.82757,                0.47508,                 1.0141,                0.93377,                0.86957,                0.90639,                0.57767,                  1.414,                0.64686,                   1.74,             0.00053965,             0.00053965,             0.00053965
                     95,                0.82436,                0.45901,                0.99973,                0.92825,                0.85845,                0.88665,                0.56958,                 1.4583,                0.77934,                 1.7109,              0.0005347,              0.0005347,              0.0005347
                     96,                0.81231,                0.45388,                 1.0018,                0.93912,                 0.8876,                0.90434,                0.57269,                 1.4633,                0.67193,                 1.7539,             0.00052975,             0.00052975,             0.00052975
                     97,                0.80838,                0.45474,                0.99536,                0.93949,                0.86761,                0.89656,                0.57155,                 1.3716,                0.66686,                 1.7026,              0.0005248,              0.0005248,              0.0005248
                     98,                0.81204,                0.46272,                0.99611,                 0.9481,                0.85051,                0.89699,                0.55956,                 1.4805,                0.68352,                 1.7316,             0.00051985,             0.00051985,             0.00051985
                     99,                0.81963,                0.46078,                 1.0132,                0.92339,                0.87879,                0.89192,                0.56675,                 1.4876,                0.72967,                 1.8464,              0.0005149,              0.0005149,              0.0005149
                    100,                0.79698,                0.45024,                0.99249,                0.93513,                0.86544,                0.89817,                   0.55,                 1.6136,                0.70143,                  1.907,             0.00050995,             0.00050995,             0.00050995
                    101,                0.82131,                0.46216,                 1.0147,                0.94953,                0.85971,                0.89653,                0.56512,                 1.4712,                0.68543,                 1.7851,               0.000505,               0.000505,               0.000505
                    102,                0.80441,                0.46004,                 1.0014,                0.91632,                0.87248,                0.88049,                0.55737,                 1.4398,                0.78048,                 1.8272,             0.00050005,             0.00050005,             0.00050005
                    103,                0.79798,                0.45045,                0.99148,                0.93023,                0.88065,                0.89664,                0.56117,                 1.4727,                0.69914,                 1.8036,              0.0004951,              0.0004951,              0.0004951
                    104,                0.81288,                 0.4612,                 1.0078,                0.92983,                0.86087,                0.88505,                0.55802,                 1.5598,                0.67734,                 1.8663,             0.00049015,             0.00049015,             0.00049015
                    105,                0.81251,                0.46277,                 1.0088,                0.93951,                0.87268,                0.90008,                 0.5663,                 1.4075,                0.65369,                 1.6623,              0.0004852,              0.0004852,              0.0004852
                    106,                0.81595,                0.46122,                 1.0094,                0.94461,                0.86704,                0.89703,                0.56278,                 1.4293,                0.62988,                 1.7832,             0.00048025,             0.00048025,             0.00048025
                    107,                0.81442,                0.47051,                 1.0103,                0.91938,                 0.8887,                0.90265,                 0.5651,                 1.4943,                0.65412,                 1.8184,              0.0004753,              0.0004753,              0.0004753
                    108,                0.80817,                0.45555,                0.99521,                0.95341,                0.86246,                0.90277,                0.56273,                 1.5295,                0.66756,                 1.8494,             0.00047035,             0.00047035,             0.00047035
                    109,                0.80838,                  0.456,                 1.0013,                0.93102,                0.88922,                0.91243,                0.56492,                 1.4917,                0.70488,                 1.8266,              0.0004654,              0.0004654,              0.0004654
                    110,                0.79664,                0.44953,                 1.0003,                0.92537,                0.86342,                0.89487,                0.56202,                 1.5077,                0.70875,                 1.9151,             0.00046045,             0.00046045,             0.00046045
                    111,                 0.8008,                 0.4534,                 1.0059,                0.89571,                 0.8881,                0.90039,                0.56567,                  1.475,                0.67903,                 1.7988,              0.0004555,              0.0004555,              0.0004555
                    112,                0.80152,                0.45248,                 1.0021,                0.92612,                0.85618,                 0.8973,                0.57284,                 1.4287,                0.66249,                 1.6784,             0.00045055,             0.00045055,             0.00045055
                    113,                0.80841,                0.44875,                0.99051,                0.94062,                0.85473,                0.89546,                0.56714,                 1.4034,                0.69152,                 1.7042,              0.0004456,              0.0004456,              0.0004456
                    114,                0.80349,                0.45413,                0.99996,                0.95144,                0.85979,                0.89956,                0.56216,                 1.4558,                0.65942,                 1.7486,             0.00044065,             0.00044065,             0.00044065
                    115,                0.79616,                 0.4496,                0.99211,                0.92147,                0.88849,                0.90085,                0.56827,                 1.4272,                0.67145,                 1.8183,              0.0004357,              0.0004357,              0.0004357
                    116,                0.78274,                0.43645,                 0.9925,                0.90859,                0.87045,                0.89577,                0.56968,                  1.407,                0.63771,                 1.7387,             0.00043075,             0.00043075,             0.00043075
                    117,                0.79566,                0.44908,                0.99695,                0.95062,                0.85301,                0.89696,                0.57179,                 1.3908,                0.62319,                 1.7191,              0.0004258,              0.0004258,              0.0004258
                    118,                0.79962,                 0.4573,                 1.0043,                0.92994,                0.87786,                0.90185,                0.58139,                 1.4034,                0.64145,                 1.7473,             0.00042085,             0.00042085,             0.00042085
                    119,                0.79295,                0.44143,                0.99142,                0.94292,                0.85312,                0.89049,                0.57326,                 1.5078,                0.67658,                 1.8266,              0.0004159,              0.0004159,              0.0004159
                    120,                0.80174,                0.44913,                0.99474,                0.90963,                0.85196,                0.88752,                0.56899,                 1.4718,                0.68671,                 1.7944,             0.00041095,             0.00041095,             0.00041095
                    121,                0.79521,                0.44061,                0.99697,                0.92213,                0.88103,                0.90676,                 0.5661,                 1.4904,                0.64177,                 1.8328,               0.000406,               0.000406,               0.000406
                    122,                0.77426,                0.43463,                0.98148,                0.91502,                0.85531,                0.88758,                0.56405,                 1.5099,                0.68338,                 1.8375,             0.00040105,             0.00040105,             0.00040105
                    123,                0.77336,                0.42856,                 0.9805,                0.92313,                0.87223,                0.88436,                0.56399,                  1.535,                0.63885,                 1.9005,              0.0003961,              0.0003961,              0.0003961
                    124,                0.78772,                 0.4428,                 0.9936,                0.94606,                0.88046,                0.90628,                0.57292,                 1.4851,                0.66937,                 1.8171,             0.00039115,             0.00039115,             0.00039115
                    125,                0.77184,                0.43885,                 0.9832,                0.92552,                0.85617,                0.90493,                0.56866,                 1.4427,                0.65486,                 1.7633,              0.0003862,              0.0003862,              0.0003862
                    126,                0.78673,                0.44604,                0.99183,                0.89155,                0.86957,                0.88402,                0.56019,                 1.4563,                0.65402,                 1.8161,             0.00038125,             0.00038125,             0.00038125
                    127,                0.78144,                 0.4342,                0.98029,                0.91069,                0.88219,                0.89146,                0.56081,                 1.5164,                0.68248,                 1.8806,              0.0003763,              0.0003763,              0.0003763
                    128,                0.79295,                0.43281,                0.98534,                0.91534,                0.87731,                0.89351,                0.56071,                 1.4505,                0.68686,                 1.9514,             0.00037135,             0.00037135,             0.00037135
                    129,                0.77761,                0.43657,                0.98632,                 0.9497,                0.88513,                 0.9062,                0.56991,                 1.4262,                 0.6526,                 1.7455,              0.0003664,              0.0003664,              0.0003664
                    130,                0.77091,                0.42881,                0.98259,                0.93796,                0.88386,                0.90566,                 0.5734,                 1.5009,                0.72754,                 1.8403,             0.00036145,             0.00036145,             0.00036145
                    131,                0.78358,                0.43529,                0.99069,                0.94332,                0.87579,                0.90836,                0.57335,                 1.4508,                0.65093,                 1.7821,              0.0003565,              0.0003565,              0.0003565
                    132,                0.76579,                0.43142,                0.98664,                 0.9315,                0.87783,                  0.907,                0.57246,                 1.4911,                0.64794,                 1.8598,             0.00035155,             0.00035155,             0.00035155
                    133,                0.77474,                0.43609,                0.98955,                0.93244,                0.88804,                0.90672,                0.57684,                 1.4207,                0.64152,                 1.7104,              0.0003466,              0.0003466,              0.0003466
                    134,                0.76299,                0.42641,                0.97945,                0.94048,                0.87519,                0.90116,                0.56258,                 1.5465,                0.60171,                 1.8211,             0.00034165,             0.00034165,             0.00034165
                    135,                0.76806,                0.42706,                0.98892,                0.91303,                0.87298,                0.89434,                0.56701,                 1.4911,                0.61884,                 1.8172,              0.0003367,              0.0003367,              0.0003367
                    136,                0.78722,                0.43761,                0.98893,                0.91671,                0.87231,                0.89617,                0.56702,                  1.494,                0.64022,                 1.8349,             0.00033175,             0.00033175,             0.00033175
                    137,                0.76798,                 0.4234,                0.98492,                0.94121,                0.85602,                0.89595,                 0.5662,                 1.4847,                0.59953,                 1.8397,              0.0003268,              0.0003268,              0.0003268
                    138,                 0.7682,                0.42604,                0.97723,                0.93665,                0.88058,                0.90248,                0.57167,                 1.4681,                0.60942,                 1.8338,             0.00032185,             0.00032185,             0.00032185
                    139,                0.77843,                0.43436,                0.98651,                 0.9233,                 0.8777,                 0.8895,                0.56764,                 1.5089,                0.62369,                 1.8857,              0.0003169,              0.0003169,              0.0003169
                    140,                0.76797,                0.43227,                0.98817,                 0.9525,                0.87539,                0.90266,                0.57473,                 1.4812,                0.62075,                 1.8655,             0.00031195,             0.00031195,             0.00031195
                    141,                0.76599,                0.42982,                0.98868,                0.95397,                0.84355,                0.89813,                0.56402,                 1.5188,                0.63709,                 1.9157,               0.000307,               0.000307,               0.000307
                    142,                0.77759,                0.43643,                0.98698,                0.94139,                0.87423,                 0.9109,                0.57476,                   1.46,                0.68517,                  1.763,             0.00030205,             0.00030205,             0.00030205
                    143,                0.75702,                0.41972,                0.97257,                0.92663,                0.87973,                 0.9071,                 0.5699,                 1.4572,                0.64147,                 1.7478,              0.0002971,              0.0002971,              0.0002971
                    144,                0.77252,                0.42931,                0.98239,                0.93862,                0.87392,                0.89578,                0.57389,                 1.4799,                0.66101,                 1.8336,             0.00029215,             0.00029215,             0.00029215
                    145,                0.76159,                0.42095,                0.98254,                0.95426,                0.86086,                0.89302,                 0.5693,                  1.501,                0.67802,                  1.797,              0.0002872,              0.0002872,              0.0002872
                    146,                0.77873,                0.42587,                0.98173,                0.93751,                0.87719,                0.89466,                0.56586,                 1.4669,                0.64987,                 1.7713,             0.00028225,             0.00028225,             0.00028225
                    147,                0.75139,                0.41525,                0.96895,                 0.9539,                0.85856,                0.89426,                0.57499,                 1.4755,                0.66002,                  1.756,              0.0002773,              0.0002773,              0.0002773
                    148,                0.75658,                0.42351,                0.97677,                0.95464,                0.86753,                0.90162,                0.57322,                 1.4699,                 0.6425,                 1.7389,             0.00027235,             0.00027235,             0.00027235
                    149,                0.76514,                0.42147,                0.97363,                0.95133,                0.87061,                0.89862,                0.56876,                 1.4665,                0.65203,                 1.7899,              0.0002674,              0.0002674,              0.0002674
                    150,                0.75518,                0.42577,                0.97953,                0.94118,                0.87396,                 0.9034,                0.56817,                 1.4941,                0.63302,                 1.8861,             0.00026245,             0.00026245,             0.00026245
                    151,                0.75772,                0.42366,                0.97696,                0.93067,                0.87804,                0.90406,                0.56767,                 1.5441,                0.69092,                 1.9181,              0.0002575,              0.0002575,              0.0002575
                    152,                0.75967,                0.42142,                0.98393,                0.93813,                0.86374,                 0.8945,                0.57778,                 1.4686,                0.65799,                 1.8098,             0.00025255,             0.00025255,             0.00025255
                    153,                0.76101,                0.42157,                0.97784,                0.93779,                 0.8714,                0.89187,                0.56827,                 1.4644,                0.64274,                 1.7407,              0.0002476,              0.0002476,              0.0002476
                    154,                0.76226,                0.42094,                 0.9756,                0.95732,                0.87935,                0.90287,                0.57176,                 1.4599,                0.64445,                 1.7743,             0.00024265,             0.00024265,             0.00024265
                    155,                0.75634,                0.41478,                0.97313,                0.94571,                0.87163,                0.90271,                0.56949,                 1.4779,                0.64234,                 1.8959,              0.0002377,              0.0002377,              0.0002377
                    156,                0.74799,                0.41199,                0.96973,                0.94354,                0.87978,                0.89634,                0.55791,                 1.4595,                0.63817,                  1.824,             0.00023275,             0.00023275,             0.00023275
                    157,                0.74426,                0.42054,                0.97668,                0.92643,                0.88588,                0.90594,                0.57134,                 1.4322,                0.62539,                 1.7968,              0.0002278,              0.0002278,              0.0002278
                    158,                0.75669,                0.41847,                0.97771,                0.93893,                0.88556,                0.90679,                0.56959,                 1.4802,                0.64101,                 1.7944,             0.00022285,             0.00022285,             0.00022285
                    159,                0.75793,                0.41696,                 0.9767,                0.94926,                0.87833,                0.90506,                0.57449,                 1.4929,                 0.6237,                 1.7746,              0.0002179,              0.0002179,              0.0002179
                    160,                0.75699,                0.41748,                0.97426,                0.95404,                0.86386,                0.89749,                0.57346,                 1.4691,                0.62387,                 1.7615,             0.00021295,             0.00021295,             0.00021295
                    161,                0.73865,                0.41567,                0.97119,                0.93788,                0.87094,                0.90177,                0.57325,                 1.4482,                0.64223,                 1.7531,               0.000208,               0.000208,               0.000208
                    162,                0.75073,                 0.4113,                0.97494,                0.96239,                0.86065,                0.90122,                0.57513,                 1.4525,                0.63359,                 1.7383,             0.00020305,             0.00020305,             0.00020305
                    163,                 0.7445,                0.40975,                0.97562,                0.95316,                0.88444,                0.90182,                 0.5662,                 1.5062,                0.63657,                 1.8327,              0.0001981,              0.0001981,              0.0001981
                    164,                0.74673,                0.41105,                0.96545,                0.94908,                0.88717,                0.90364,                0.56921,                 1.5064,                0.67145,                 1.8385,             0.00019315,             0.00019315,             0.00019315
                    165,                0.74882,                0.41953,                0.97877,                0.94353,                0.88432,                 0.9045,                0.56601,                 1.5094,                0.65325,                  1.824,              0.0001882,              0.0001882,              0.0001882
                    166,                0.73037,                0.40564,                 0.9625,                0.94426,                0.88583,                0.90493,                0.57272,                 1.4856,                0.61544,                 1.8068,             0.00018325,             0.00018325,             0.00018325
                    167,                 0.7449,                0.41773,                0.97948,                0.94315,                0.88387,                0.90226,                0.57249,                 1.4629,                 0.6484,                 1.7905,              0.0001783,              0.0001783,              0.0001783
                    168,                0.73286,                0.41286,                0.96991,                0.96552,                0.87004,                0.90119,                0.57834,                 1.4411,                0.61929,                 1.7612,             0.00017335,             0.00017335,             0.00017335
                    169,                0.73884,                 0.4099,                0.97454,                0.94362,                0.87559,                0.91115,                0.57872,                 1.4548,                0.66773,                  1.779,              0.0001684,              0.0001684,              0.0001684
                    170,                0.72497,                0.40738,                0.96746,                0.93246,                0.87405,                0.89651,                0.56767,                 1.4915,                0.63264,                 1.8445,             0.00016345,             0.00016345,             0.00016345
                    171,                0.72629,                0.40562,                0.97305,                0.95535,                0.87887,                0.90013,                0.57224,                 1.5019,                0.64918,                 1.8469,              0.0001585,              0.0001585,              0.0001585
                    172,                0.73149,                0.39927,                0.97199,                0.93533,                0.87672,                0.89713,                0.57743,                 1.4583,                 0.6441,                 1.8117,             0.00015355,             0.00015355,             0.00015355
                    173,                0.73584,                0.41031,                0.96209,                0.94251,                0.88516,                0.90291,                 0.5721,                 1.5025,                0.64406,                 1.8631,              0.0001486,              0.0001486,              0.0001486
                    174,                0.72854,                0.40677,                0.96743,                0.94593,                0.85513,                0.89635,                0.56568,                  1.518,                0.64493,                 1.9208,             0.00014365,             0.00014365,             0.00014365
                    175,                0.73033,                0.40298,                0.96246,                0.94719,                0.88354,                0.90589,                0.57495,                 1.4523,                0.62692,                 1.8173,              0.0001387,              0.0001387,              0.0001387
                    176,                0.73082,                0.39933,                0.96699,                  0.937,                0.88316,                0.90027,                0.57598,                 1.4754,                0.62161,                 1.8136,             0.00013375,             0.00013375,             0.00013375
                    177,                0.73138,                0.40556,                 0.9714,                0.95792,                0.88055,                0.90458,                0.57092,                 1.4975,                0.65312,                 1.8938,              0.0001288,              0.0001288,              0.0001288
                    178,                0.72481,                0.39909,                0.96294,                0.95304,                0.87826,                0.90483,                0.57749,                 1.4511,                0.63649,                 1.7953,             0.00012385,             0.00012385,             0.00012385
                    179,                0.73039,                 0.4104,                0.96902,                 0.9485,                0.86931,                0.89641,                0.57225,                 1.4776,                0.62883,                 1.8536,              0.0001189,              0.0001189,              0.0001189
                    180,                0.72544,                0.39886,                0.96722,                0.95045,                0.87997,                0.90151,                0.57268,                 1.4766,                0.65059,                 1.8354,             0.00011395,             0.00011395,             0.00011395
                    181,                0.72367,                0.39631,                0.96674,                0.95976,                0.88362,                0.90315,                0.57511,                 1.5048,                0.66319,                 1.8577,               0.000109,               0.000109,               0.000109
                    182,                0.72796,                 0.4042,                0.96557,                0.95118,                0.86551,                 0.9059,                0.57729,                 1.4569,                0.65318,                 1.7994,             0.00010405,             0.00010405,             0.00010405
                    183,                0.71894,                 0.3988,                0.95924,                0.94772,                0.88738,                0.90335,                0.57375,                  1.486,                0.63712,                 1.8089,               9.91e-05,               9.91e-05,               9.91e-05
                    184,                0.72373,                0.40371,                0.96343,                0.95475,                0.86697,                0.90366,                0.57408,                 1.4536,                0.63366,                 1.8001,              9.415e-05,              9.415e-05,              9.415e-05
                    185,                0.72295,                0.40655,                0.97141,                0.94591,                0.88516,                 0.9025,                 0.5788,                 1.4931,                0.65392,                 1.8251,               8.92e-05,               8.92e-05,               8.92e-05
                    186,                0.71464,                0.39683,                0.96495,                0.95135,                0.88027,                0.90041,                0.57377,                 1.4551,                0.63718,                 1.8208,              8.425e-05,              8.425e-05,              8.425e-05
                    187,                0.72171,                0.39854,                0.96151,                0.95364,                0.85166,                0.89921,                0.57532,                 1.4772,                0.64569,                 1.8653,               7.93e-05,               7.93e-05,               7.93e-05
                    188,                0.71414,                0.39621,                 0.9521,                0.93356,                0.87093,                0.90217,                0.57916,                 1.4445,                0.63593,                 1.8013,              7.435e-05,              7.435e-05,              7.435e-05
                    189,                0.71908,                0.39489,                0.95634,                0.94559,                0.88572,                0.90614,                0.57495,                 1.4387,                0.62606,                 1.8075,               6.94e-05,               6.94e-05,               6.94e-05
                    190,                0.71637,                0.39277,                0.95814,                0.93499,                 0.8882,                 0.9008,                0.57875,                  1.436,                 0.6282,                 1.7974,              6.445e-05,              6.445e-05,              6.445e-05
                    191,                0.79741,                0.42622,                0.94979,                 0.9525,                0.85911,                0.89915,                0.57705,                 1.4623,                0.67222,                 1.8433,               5.95e-05,               5.95e-05,               5.95e-05
                    192,                0.77762,                0.41001,                0.95293,                0.93553,                0.87876,                0.89843,                0.57145,                 1.4489,                0.65539,                  1.843,              5.455e-05,              5.455e-05,              5.455e-05
                    193,                0.77598,                0.40534,                0.94224,                0.94418,                0.87564,                0.90014,                0.56659,                  1.452,                0.65906,                 1.8668,               4.96e-05,               4.96e-05,               4.96e-05
                    194,                0.76398,                0.40842,                0.94349,                0.96071,                0.85657,                0.89533,                0.56865,                 1.4327,                0.63582,                 1.8456,              4.465e-05,              4.465e-05,              4.465e-05
                    195,                0.75911,                0.40481,                0.94114,                0.93837,                0.87246,                0.89669,                0.57051,                   1.44,                0.65382,                 1.8337,               3.97e-05,               3.97e-05,               3.97e-05
                    196,                0.76609,                0.39982,                0.93722,                0.92815,                0.88516,                0.90445,                0.57055,                 1.4564,                0.66085,                 1.8567,              3.475e-05,              3.475e-05,              3.475e-05
                    197,                0.75218,                  0.401,                 0.9336,                 0.9438,                0.88114,                0.90486,                0.57324,                 1.4548,                0.67602,                   1.85,               2.98e-05,               2.98e-05,               2.98e-05
                    198,                0.76786,                0.40257,                0.93716,                0.94255,                0.88153,                0.90487,                0.57191,                 1.4498,                0.65736,                  1.845,              2.485e-05,              2.485e-05,              2.485e-05
                    199,                0.76962,                0.40188,                0.94016,                0.94444,                0.87967,                0.90507,                0.56989,                 1.4373,                0.64344,                 1.8248,               1.99e-05,               1.99e-05,               1.99e-05
                    200,                0.76396,                0.39892,                0.94011,                0.94061,                0.88153,                0.90322,                0.57183,                 1.4359,                0.64605,                 1.8317,              1.495e-05,              1.495e-05,              1.495e-05
